<?xml version="1.0" encoding="utf-8"?>
<Ui xmlns:xsi="http://www.w3.org/2001/XMLSchema-instance" xmlns="http://www.blizzard.com/wow/ui/" xsi:schemaLocation="http://www.blizzard.com/wow/ui/
..\FrameXML\UI.xsd">

<Include file="Locals\deDE.lua"/>
<Include file="Locals\enUS.lua"/>
<Include file="Locals\esES.lua"/>
<Include file="Locals\esMX.lua"/>
<Include file="Locals\frFR.lua"/>
<Include file="Locals\koKR.lua"/>
<Include file="Locals\ruRU.lua"/>
<Include file="Locals\zhCN.lua"/>
<Include file="Locals\zhTW.lua"/>

</Ui>