﻿<Ui xmlns:xsi="http://www.w3.org/2001/XMLSchema-instance" xmlns:xsd="http://www.w3.org/2001/XMLSchema" xmlns="http://www.blizzard.com/wow/ui/">
	<Script file="Quests.lua"></Script>

	<Button name="AltoQuestEntryTemplate" virtual="true">
		<Size>
			<AbsDimension x="615" y="22"/>
		</Size>
		<Layers>
			<Layer level="BACKGROUND">
				<FontString name="$parentTag" inherits="GameFontNormalSmall" justifyH="LEFT">
					<Size>
						<AbsDimension x="70" y="18"/>
					</Size>
					<Anchors>
						<Anchor point="TOPLEFT">
							<Offset>
								<AbsDimension x="225" y="0"/>
							</Offset>
						</Anchor>
					</Anchors>
				</FontString>
				<FontString name="$parentStatus" inherits="GameFontNormalSmall" justifyH="LEFT">
					<Size>
						<AbsDimension x="70" y="18"/>
					</Size>
					<Anchors>
						<Anchor point="BOTTOMLEFT" relativeTo="$parentTag" relativePoint="BOTTOMRIGHT">
							<Offset>
								<AbsDimension x="10" y="0"/>
							</Offset>
						</Anchor>
					</Anchors>
				</FontString>
				<FontString name="$parentMoney" inherits="GameFontNormalSmall" justifyH="RIGHT">
					<Size>
						<AbsDimension x="100" y="18"/>
					</Size>
					<Anchors>
						<Anchor point="TOPRIGHT">
							<Offset>
								<AbsDimension x="-100" y="0"/>
							</Offset>
						</Anchor>
					</Anchors>
				</FontString>
			</Layer>
		</Layers>
		<Frames>
			<Button name="$parentCollapse" hidden="true">
				<Size>
					<AbsDimension x="16" y="16"/>
				</Size>
				<Anchors>
					<Anchor point="LEFT">
						<Offset>
							<AbsDimension x="5" y="0"/>
						</Offset>
					</Anchor>
				</Anchors>
				<Scripts>
					<OnClick>
						local id = self:GetParent():GetID()
						if id == 0 then return end
						
						local h = Altoholic.Quests.CollapsedHeaders
						if h[id] then
							h[id] = nil
						else
							h[id] = true
						end
						
						Altoholic.Quests:Update()
					</OnClick>
				</Scripts>
				<NormalTexture name="$parentIcon" file="Interface\Buttons\UI-MinusButton-UP" />
				<HighlightTexture file="Interface\Buttons\UI-PlusButton-Hilight" alphaMode="ADD" />
			</Button>
			<Button name="$parentQuestLink" id="1">
				<Size>
					<AbsDimension x="200" y="18"/>
				</Size>
				<Anchors>
					<Anchor point="TOPLEFT">
						<Offset>
							<AbsDimension x="15" y="0"/>
						</Offset>
					</Anchor>
				</Anchors>
				<ButtonText name="$parentNormalText" justifyH="LEFT">
					<Size>
						<AbsDimension x="200" y="18"/>
					</Size>
					<Anchors>
						<Anchor point="LEFT">
							<Offset>
								<AbsDimension x="0" y="0"/>
							</Offset>
						</Anchor>
					</Anchors>
				</ButtonText>
				<Scripts>
					<OnEnter>
						Altoholic.Quests:Link_OnEnter(self)
					</OnEnter>
					<OnLeave>
						GameTooltip:Hide();
					</OnLeave>
					<OnClick>
						Altoholic.Quests:Link_OnClick(self, button)
					</OnClick>
				</Scripts>		
				<NormalFont style="GameFontNormalSmallLeft"/>
			</Button>
		</Frames>
	</Button>
	
	<Frame name="AltoholicFrameQuests" parent="AltoholicTabCharacters" hidden="true">
		<Size>
			<AbsDimension x="615" y="306"/>
		</Size>
		<Anchors>
			<Anchor point="TOPRIGHT">
				<Offset>
					<AbsDimension x="39" y="-105"/>
				</Offset>
			</Anchor>
		</Anchors>
		<Frames>
			<ScrollFrame name="$parentScrollFrame" inherits="FauxScrollFrameTemplate">
				<Anchors>
					<Anchor point="TOPLEFT" />
					<Anchor point="BOTTOMRIGHT" />
				</Anchors>
				<Layers>
					<Layer level="ARTWORK">
						<Texture file="Interface\PaperDollInfoFrame\UI-Character-ScrollBar">
							<Size>
								<AbsDimension x="31" y="256"/>
							</Size>
							<Anchors>
								<Anchor point="TOPLEFT" relativePoint="TOPRIGHT">
									<Offset>
										<AbsDimension x="-2" y="5"/>
									</Offset>
								</Anchor>
							</Anchors>
							<TexCoords left="0" right="0.484375" top="0" bottom="1.0"/>
						</Texture>
						<Texture file="Interface\PaperDollInfoFrame\UI-Character-ScrollBar">
							<Size>
								<AbsDimension x="31" y="106"/>
							</Size>
							<Anchors>
								<Anchor point="BOTTOMLEFT" relativePoint="BOTTOMRIGHT">
									<Offset>
										<AbsDimension x="-2" y="0"/>
									</Offset>
								</Anchor>
							</Anchors>
							<TexCoords left="0.515625" right="1.0" top="0" bottom="0.4140625"/>
						</Texture>
					</Layer>
				</Layers>
				<Scripts>
					<OnVerticalScroll>
						FauxScrollFrame_OnVerticalScroll(self, offset, 18, Altoholic.Quests.Update)
					</OnVerticalScroll>
				</Scripts>
			</ScrollFrame>
			
			<Button name="$parentEntry1" inherits="AltoQuestEntryTemplate">
				<Anchors>
					<Anchor point="TOPLEFT" relativeTo="$parentScrollFrame" relativePoint="TOPLEFT">
						<Offset>
							<AbsDimension x="0" y="0"/>
						</Offset>
					</Anchor>
				</Anchors>
			</Button>
			<Button name="$parentEntry2" inherits="AltoQuestEntryTemplate">
				<Anchors>
					<Anchor point="TOPLEFT" relativeTo="$parentEntry1" relativePoint="BOTTOMLEFT" />
				</Anchors>
			</Button>
			<Button name="$parentEntry3" inherits="AltoQuestEntryTemplate">
				<Anchors>
					<Anchor point="TOPLEFT" relativeTo="$parentEntry2" relativePoint="BOTTOMLEFT" />
				</Anchors>
			</Button>
			<Button name="$parentEntry4" inherits="AltoQuestEntryTemplate">
				<Anchors>
					<Anchor point="TOPLEFT" relativeTo="$parentEntry3" relativePoint="BOTTOMLEFT" />
				</Anchors>
			</Button>
			<Button name="$parentEntry5" inherits="AltoQuestEntryTemplate">
				<Anchors>
					<Anchor point="TOPLEFT" relativeTo="$parentEntry4" relativePoint="BOTTOMLEFT" />
				</Anchors>
			</Button>
			<Button name="$parentEntry6" inherits="AltoQuestEntryTemplate">
				<Anchors>
					<Anchor point="TOPLEFT" relativeTo="$parentEntry5" relativePoint="BOTTOMLEFT" />
				</Anchors>
			</Button>
			<Button name="$parentEntry7" inherits="AltoQuestEntryTemplate">
				<Anchors>
					<Anchor point="TOPLEFT" relativeTo="$parentEntry6" relativePoint="BOTTOMLEFT" />
				</Anchors>
			</Button>
			<Button name="$parentEntry8" inherits="AltoQuestEntryTemplate">
				<Anchors>
					<Anchor point="TOPLEFT" relativeTo="$parentEntry7" relativePoint="BOTTOMLEFT" />
				</Anchors>
			</Button>
			<Button name="$parentEntry9" inherits="AltoQuestEntryTemplate">
				<Anchors>
					<Anchor point="TOPLEFT" relativeTo="$parentEntry8" relativePoint="BOTTOMLEFT" />
				</Anchors>
			</Button>
			<Button name="$parentEntry10" inherits="AltoQuestEntryTemplate">
				<Anchors>
					<Anchor point="TOPLEFT" relativeTo="$parentEntry9" relativePoint="BOTTOMLEFT" />
				</Anchors>
			</Button>
			<Button name="$parentEntry11" inherits="AltoQuestEntryTemplate">
				<Anchors>
					<Anchor point="TOPLEFT" relativeTo="$parentEntry10" relativePoint="BOTTOMLEFT" />
				</Anchors>
			</Button>
			<Button name="$parentEntry12" inherits="AltoQuestEntryTemplate">
				<Anchors>
					<Anchor point="TOPLEFT" relativeTo="$parentEntry11" relativePoint="BOTTOMLEFT" />
				</Anchors>
			</Button>
			<Button name="$parentEntry13" inherits="AltoQuestEntryTemplate">
				<Anchors>
					<Anchor point="TOPLEFT" relativeTo="$parentEntry12" relativePoint="BOTTOMLEFT" />
				</Anchors>
			</Button>
			<Button name="$parentEntry14" inherits="AltoQuestEntryTemplate">
				<Anchors>
					<Anchor point="TOPLEFT" relativeTo="$parentEntry13" relativePoint="BOTTOMLEFT" />
				</Anchors>
			</Button>

		</Frames>
	</Frame>

</Ui>